{"cameraMode":{"drawMode":0,"name":"Shaded","section":"Shading Mode"},"sceneLighting":false,"audioPlay":false,"sceneViewState":{"m_AlwaysRefresh":false,"showFog":true,"showSkybox":false,"showFlares":true,"showImageEffects":true,"showParticleSystems":true,"showVisualEffectGraphs":true,"m_FxEnabled":true},"in2DMode":false,"pivot":{"x":0.03785514831542969,"y":1.0381855964660645,"z":-0.11406707763671875},"rotation":{"x":0.074874646961689,"y":0.15787510573863984,"z":-0.011993411928415299,"w":0.9845626950263977},"size":46.539398193359378,"orthographic":false}