{"cameraMode":{"drawMode":0,"name":"Shaded","section":"Shading Mode"},"sceneLighting":true,"audioPlay":false,"sceneViewState":{"m_AlwaysRefresh":false,"showFog":true,"showSkybox":true,"showFlares":true,"showImageEffects":true,"showParticleSystems":true,"showVisualEffectGraphs":true,"m_FxEnabled":true},"in2DMode":false,"pivot":{"x":0.7222675681114197,"y":0.09130537509918213,"z":-0.7722876071929932},"rotation":{"x":0.1453007012605667,"y":0.12490391731262207,"z":-0.018493028357625009,"w":0.9813035726547241},"size":1.7706618309020997,"orthographic":false}