{"cameraMode":{"drawMode":0,"name":"Shaded","section":"Shading Mode"},"sceneLighting":true,"audioPlay":false,"sceneViewState":{"m_AlwaysRefresh":false,"showFog":true,"showSkybox":true,"showFlares":true,"showImageEffects":true,"showParticleSystems":true,"showVisualEffectGraphs":true,"m_FxEnabled":true},"in2DMode":false,"pivot":{"x":3.187028646469116,"y":21.142473220825197,"z":-6.63421630859375},"rotation":{"x":0.7060009837150574,"y":0.010572779923677445,"z":-0.010640067979693413,"w":0.7081233859062195},"size":0.028732920065522195,"orthographic":false}