{"cameraMode":{"drawMode":0,"name":"Shaded","section":"Shading Mode"},"sceneLighting":true,"audioPlay":false,"sceneViewState":{"m_AlwaysRefresh":false,"showFog":true,"showSkybox":true,"showFlares":true,"showImageEffects":true,"showParticleSystems":true,"showVisualEffectGraphs":true,"m_FxEnabled":true},"in2DMode":false,"pivot":{"x":267.0543212890625,"y":184.89547729492188,"z":61.234405517578128},"rotation":{"x":0.36905837059020998,"y":0.004742490127682686,"z":-0.001882961136288941,"w":0.929393470287323},"size":199.069580078125,"orthographic":false}